{"cameraMode":{"drawMode":0,"name":"Shaded","section":"Shading Mode"},"sceneLighting":false,"audioPlay":false,"sceneViewState":{"showFog":false,"showMaterialUpdate":false,"showSkybox":false,"showFlares":false,"showImageEffects":false,"showParticleSystems":false},"in2DMode":false,"pivot":{"x":96.65422058105469,"y":-70.81130981445313,"z":61.12983703613281},"rotation":{"x":0.38381215929985049,"y":0.04871907830238342,"z":-0.02028292790055275,"w":0.9219020009040833},"size":2.8578836917877199,"orthographic":false}